_sk,employee_id,store_id,salary,start_date,end_date,is_current
0,1,82,45526,2020-08-05,9999-12-31,true
1,2,15,77541,2025-02-28,9999-12-31,true
2,3,4,44541,2024-05-13,9999-12-31,true
3,4,95,61565,2022-12-05,9999-12-31,true
4,5,36,39335,2022-11-20,9999-12-31,true
5,6,32,74895,2025-09-22,9999-12-31,true
6,7,29,24847,2020-07-28,9999-12-31,true
7,8,18,69823,2024-08-25,9999-12-31,true
8,9,95,52108,2021-05-05,9999-12-31,true
9,10,14,57142,2020-08-17,9999-12-31,true
10,11,87,30180,2023-07-06,9999-12-31,true
11,12,95,46807,2026-07-04,9999-12-31,true
12,13,70,27164,2024-11-27,9999-12-31,true
13,14,12,58178,2025-01-28,9999-12-31,true
14,15,76,41213,2024-10-13,9999-12-31,true
15,16,55,76355,2025-03-29,9999-12-31,true
16,17,5,63198,2023-06-04,9999-12-31,true
17,18,4,62535,2020-11-08,9999-12-31,true
18,19,12,78472,2025-08-07,9999-12-31,true
19,20,28,45700,2023-01-02,9999-12-31,true
20,21,30,59837,2023-05-03,9999-12-31,true
21,22,65,34601,2022-06-22,9999-12-31,true
22,23,78,68174,2021-03-20,9999-12-31,true
23,24,4,26558,2026-03-07,9999-12-31,true
24,25,72,25003,2025-03-18,9999-12-31,true
25,26,26,65336,2024-04-17,9999-12-31,true
26,27,92,36935,2022-09-07,9999-12-31,true
27,28,84,72663,2025-06-27,9999-12-31,true
28,29,90,40965,2023-08-21,9999-12-31,true
29,30,70,27229,2022-12-16,9999-12-31,true
30,31,54,78054,2023-01-02,9999-12-31,true
31,32,29,37256,2021-07-07,9999-12-31,true
32,33,58,78785,2020-08-12,9999-12-31,true
33,34,76,28619,2023-09-12,9999-12-31,true
34,35,36,46911,2025-12-02,9999-12-31,true
35,36,1,40217,2020-06-04,9999-12-31,true
36,37,98,51714,2025-09-21,9999-12-31,true
37,38,21,63660,2025-07-09,9999-12-31,true
38,39,90,76664,2021-11-05,9999-12-31,true
39,40,55,45909,2024-03-18,9999-12-31,true
40,41,44,32659,2021-02-06,9999-12-31,true
41,42,36,46260,2025-01-20,9999-12-31,true
42,43,20,45283,2024-09-02,9999-12-31,true
43,44,28,35730,2022-05-13,9999-12-31,true
44,45,98,65920,2020-06-14,9999-12-31,true
45,46,44,39496,2026-06-22,9999-12-31,true
46,47,14,67994,2022-12-21,9999-12-31,true
47,48,12,66796,2025-12-15,9999-12-31,true
48,49,49,64469,2024-07-09,9999-12-31,true
49,50,13,26679,2025-03-11,9999-12-31,true
